年,月,ドル建価格最高,ドル建価格最低,ドル建価格平均,為替T.T.S.,平均小売価格最高,小売価格最低,小売価格平均
2015,08,1166.50,1085.00,1117.50,124.22,4617,4368,4467
2015,07,1171.70,1080.05,1130.81,124.25,4674,4384,4539
2015,06,1203.40,1164.60,1181.88,124.77,4803,4684,4750
2015,05,1228.15,1175.95,1198.37,121.76,4765,4593,4694
2015,04,1211.10,1180.25,1198.08,120.58,4715,4556,4658
2015,03,1216.75,1147.25,1179.63,121.38,4726,4539,4618
2015,02,1281.00,1192.50,1229.14,119.59,4865,4648,4735
2015,01,1298.00,1172.00,1250.59,119.34,4985,4623,4803
2014,12,1229.00,1175.75,1201.37,120.42,4745,4437,4628
2014,11,1203.75,1142.00,1176.36,117.23,4581,4257,4426
2014,10,1251.75,1164.25,1223.03,109.00,4331,4226,4289
2014,09,1287.25,1210.00,1240.07,108.08,4358,4292,4319
2014,08,1317.50,1275.25,1296.50,103.97,4367,4280,4329
2014,07,1343.25,1285.25,1311.98,102.73,4393,4270,4332
2014,06,1323.00,1242.75,1278.48,103.08,4354,4143,4239
2014,05,1311.00,1250.50,1288.22,102.83,4319,4168,4263
2014,04,1325.75,1283.50,1299.09,103.58,4377,4273,4322
2014,03,1385.00,1291.75,1336.32,103.27,4563,4302,4446
2014,02,1340.00,1246.50,1299.84,103.15,4432,4142,4306
2014,01,1270.00,1219.75,1243.93,104.93,4252,4158,4204
2013,12,1266.25,1192.75,1223.50,104.38,4208,4052,4122
2013,11,1320.50,1231.75,1276.62,101.03,4231,4070,4149
2013,10,1361.00,1255.50,1315.29,98.87,4284,4071,4188
2013,09,1403.75,1299.75,1351.55,100.23,4555,4177,4368
2013,08,1425.50,1275.50,1346.07,98.86,4488,4039,4283
2013,07,1340.00,1212.75,1285.65,100.78,4339,4000,4167
2013,06,1410.00,1192.00,1342.53,98.45,4571,3852,4276
2013,05,1476.50,1353.75,1414.82,102.10,4751,4508,4635
2013,04,1597.75,1378.00,1485.49,98.73,5084,4259,4723
2013,03,1613.75,1570.00,1592.31,95.81,4977,4732,4880
2013,02,1678.00,1576.50,1635.42,94.23,5072,4739,4910
2013,01,1693.75,1632.25,1671.42,90.24,4942,4672,4828
2012,12,1720.00,1648.25,1688.58,84.65,4657,4482,4567
2012,11,1750.50,1679.00,1722.38,81.90,4677,4382,4513
2012,10,1791.75,1704.00,1746.68,79.99,4556,4417,4464
2012,09,1784.50,1686.00,1743.19,79.18,4506,4281,4403
2012,08,1668.00,1594.75,1625.86,79.69,4273,4039,4159
2012,07,1622.75,1556.25,1593.35,80.04,4195,4017,4089
2012,06,1635.00,1552.50,1596.16,80.31,4192,3975,4119
2012,05,1664.00,1537.50,1580.00,80.76,4327,4010,4116
2012,04,1677.50,1621.00,1649.30,82.56,4502,4308,4365
2012,03,1721.00,1635.50,1674.41,83.47,4559,4384,4489
2012,02,1788.00,1711.50,1742.86,79.40,4664,4274,4434
2012,01,1744.00,1590.00,1656.11,77.99,4325,4014,4155
2011,12,1752.00,1531.00,1652.52,78.88,4431,3990,4195
2011,11,1795.00,1676.00,1737.48,78.61,4537,4192,4379
2011,10,1741.00,1600.00,1666.55,77.66,4385,4025,4156
2011,09,1896.50,1598.00,1776.25,77.88,4721,3964,4434
2011,08,1886.50,1613.50,1757.65,78.20,4745,4053,4388
2011,07,1628.50,1483.00,1570.67,80.52,4103,3916,4037
2011,06,1552.50,1498.00,1528.52,81.57,4050,3930,3994
2011,05,1546.50,1478.50,1511.31,82.24,4082,3895,3980
2011,04,1535.50,1418.00,1474.12,84.44,4065,3872,3989
2011,03,1447.00,1398.50,1423.43,82.83,3832,3590,3771
2011,02,1414.50,1328.00,1372.02,83.55,3792,3538,3673
2011,01,1405.50,1316.00,1358.44,83.67,3733,3544,3649
2010,12,1426.00,1363.00,1392.03,84.46,3807,3704,3764
2010,11,1421.00,1336.50,1370.84,83.54,3731,3537,3665
2010,10,1380.75,1313.00,1342.61,82.93,3645,3494,3566
2010,09,1311.00,1240.50,1271.22,85.37,3566,3390,3473
2010,08,1246.00,1178.00,1214.64,86.51,3442,3311,3372
2010,07,1240.00,1157.00,1194.48,88.75,3560,3288,3414
2010,06,1261.00,1203.50,1232.65,91.93,3694,3569,3635
2010,05,1241.25,1165.00,1204.88,92.70,3741,3439,3594
2010,04,1179.25,1116.00,1148.58,94.42,3562,3377,3470
2010,03,1136.50,1090.75,1114.45,91.54,3330,3229,3274
2010,02,1119.75,1052.25,1095.61,91.37,3358,3096,3220
2010,01,1158.00,1078.50,1118.77,92.23,3436,3163,3314
2009,12,1218.25,1080.50,1134.86,90.57,3475,3214,3304
2009,11,1183.00,1052.00,1126.58,90.22,3367,3047,3256
2009,10,1066.00,998.00,1043.33,91.36,3151,2905,3055
2009,09,1020.50,949.75,996.52,92.55,3009,2872,2952
2009,08,964.50,932.75,949.44,95.91,3004,2869,2929
2009,07,956.00,908.50,934.25,95.52,2951,2765,2873
2009,06,987.00,919.25,946.74,97.57,3071,2863,2977
2009,05,975.50,881.50,927.75,97.30,3011,2853,2913
2009,04,924.50,870.00,891.43,100.12,2959,2803,2874
2009,03,957.00,893.25,925.13,99.00,3000,2869,2945
2009,02,989.75,895.00,941.46,93.45,3031,2620,2832
2009,01,919.50,810.00,858.21,91.43,2642,2377,2531
2008,12,881.00,749.00,818.02,92.60,2528,2314,2433
2008,11,822.50,713.50,759.36,97.86,2576,2240,2398
2008,10,918.00,692.50,809.72,101.58,3040,2268,2665
2008,09,905.00,740.75,827.43,107.83,3067,2627,2859
2008,08,912.50,784.75,839.71,110.34,3185,2838,2983
2008,07,986.00,897.50,940.47,107.84,3339,3181,3250
2008,06,932.75,862.25,889.51,107.93,3193,2998,3079
2008,05,928.25,853.00,888.89,105.21,3115,2887,3018
2008,04,951.50,867.75,910.65,103.52,3124,2924,3035
2008,03,1023.50,913.50,969.75,101.95,3311,2972,3157
2008,02,971.50,887.50,923.29,108.24,3303,3063,3203
2008,01,927.50,840.75,888.69,108.59,3210,2946,3104
2007,12,836.50,783.75,803.41,113.42,3050,2831,2926
2007,11,841.75,778.85,807.28,112.34,3070,2776,2915
2007,10,792.50,725.50,754.54,116.80,2920,2749,2832
2007,09,743.00,672.00,711.65,116.06,2749,2530,2645
2007,08,675.50,653.00,664.97,117.88,2616,2394,2529
2007,07,684.30,647.75,665.28,122.67,2687,2555,2627
2007,06,671.50,642.10,655.60,123.65,2652,2562,2612
2007,05,688.80,652.65,667.58,121.82,2680,2582,2618
2007,04,691.40,658.25,679.69,119.89,2671,2537,2616
2007,03,673.60,636.75,655.39,118.35,2607,2423,2505
2007,02,685.75,645.70,664.92,121.55,2685,2528,2598
2007,01,651.75,608.30,630.76,121.69,2555,2371,2473
2006,12,648.75,614.00,629.65,118.34,2434,2364,2396
2006,11,646.70,611.25,627.33,118.41,2426,2309,2393
2006,10,608.50,560.75,586.21,119.71,2314,2186,2272
2006,09,637.75,573.60,599.17,118.12,2415,2208,2294
2006,08,654.40,613.40,632.08,116.92,2432,2313,2374
2006,07,671.50,605.70,633.40,116.75,2482,2300,2374
2006,06,644.50,567.00,597.02,115.62,2350,2085,2225
2006,05,725.75,642.25,676.08,112.70,2562,2356,2444
2006,04,644.50,583.85,611.25,118.19,2419,2233,2316
2006,03,584.00,535.00,557.15,118.39,2239,2084,2128
2006,02,572.15,538.75,555.26,118.97,2207,2072,2136
2006,01,569.80,520.75,549.65,116.49,2178,1986,2075
2005,12,537.50,489.00,509.76,119.70,2088,1878,1967
2005,11,497.30,456.50,476.67,119.44,1946,1771,1847
2005,10,478.50,462.85,470.00,115.91,1794,1739,1771
2005,09,473.40,435.50,455.99,112.08,1749,1594,1659
2005,08,447.25,430.65,437.85,111.79,1615,1587,1598
2005,07,434.20,418.35,424.61,112.96,1584,1555,1569
2005,06,442.95,415.35,430.48,109.68,1587,1499,1546
2005,05,430.50,414.45,422.39,107.93,1515,1491,1500
2005,04,437.00,423.45,429.19,108.46,1538,1514,1528
2005,03,443.70,424.90,434.34,106.33,1534,1496,1515
2005,02,436.55,411.10,423.39,105.93,1515,1436,1476
2005,01,427.75,420.00,424.06,104.28,1477,1433,1456
2004,12,455.75,433.90,442.53,104.83,1547,1516,1531
2004,11,453.40,422.20,439.22,105.93,1548,1507,1529
2004,10,429.15,411.25,420.34,110.06,1542,1497,1521
2004,09,415.65,396.30,405.34,111.07,1524,1452,1483
2004,08,410.60,390.60,400.32,111.40,1492,1444,1470
2004,07,408.55,386.20,398.27,110.40,1469,1424,1448
2004,06,404.25,382.30,392.08,110.39,1450,1408,1429
2004,05,394.30,373.50,383.87,113.45,1457,1417,1435
2004,04,427.25,382.75,404.06,108.32,1490,1420,1456
2004,03,423.70,390.35,406.32,109.75,1488,1439,1468
2004,02,416.00,392.25,404.80,107.61,1462,1403,1435
2004,01,428.20,399.75,414.14,107.42,1500,1416,1464
2003,12,417.25,398.75,407.31,108.99,1472,1441,1458
2003,11,398.35,377.90,390.06,110.23,1436,1389,1417
2003,10,391.00,370.25,379.01,110.62,1426,1354,1387
2003,09,391.85,370.00,378.90,116.23,1465,1417,1442
2003,08,375.60,347.50,359.38,119.83,1442,1388,1417
2003,07,365.60,342.50,350.89,119.73,1433,1356,1387
2003,06,367.35,343.50,356.63,119.33,1435,1367,1403
2003,05,372.35,338.95,355.54,118.31,1443,1332,1387
2003,04,336.75,319.75,328.19,120.84,1343,1296,1318
2003,03,356.60,329.45,341.06,119.66,1395,1323,1355
2003,02,385.00,344.10,359.27,120.43,1510,1355,1419
2003,01,370.80,342.20,356.86,119.71,1457,1384,1415
2002,12,349.30,316.45,332.61,123.22,1402,1308,1355
2002,11,324.00,317.20,319.16,122.57,1316,1279,1296
2002,10,322.70,310.75,316.64,124.95,1335,1297,1311
2002,09,326.30,312.00,318.97,121.58,1340,1232,1284
2002,08,316.70,300.64,310.14,120.08,1262,1218,1238
2002,07,324.00,303.00,313.43,119.05,1266,1209,1242
2002,06,326.55,316.80,321.36,124.53,1354,1275,1328
2002,05,327.25,307.50,314.49,127.44,1349,1307,1326
2002,04,310.64,297.75,290.62,132.15,1349,1297,1319
2002,03,303.00,289.14,294.20,132.24,1343,1235,1294
2002,02,305.10,282.00,295.58,134.48,1361,1273,1319
2002,01,287.95,277.75,281.64,133.90,1277,1216,1255
2001,12,278.89,272.20,275.92,128.16,1229,1140,1177
2001,11,280.60,272.55,276.20,123.31,1147,1122,1136
2001,10,292.85,274.89,283.19,122.35,1177,1131,1153
2001,09,293.25,271.30,282.95,119.88,1165,1094,1128
2001,08,277.75,266.39,272.52,122.68,1136,1103,1116
2001,07,271.55,265.10,267.62,125.60,1125,1108,1117
2001,06,276.00,265.39,270.49,123.20,1138,1063,1105
2001,05,291.25,263.80,272.20,122.98,1188,1075,1111
2001,04,264.60,255.95,260.62,124.94,1092,1068,1078
2001,03,272.50,257.70,263.14,122.07,1088,1040,1065
2001,02,268.30,256.25,261.95,117.17,1047,1000,1026
2001,01,272.80,262.85,265.71,118.18,1063,1036,1049
2000,12,275.10,269.20,271.67,113.22,1058,1007,1026
2000,11,269.95,264.10,266.00,109.95,1005,961,979
2000,10,275.85,263.80,270.20,109.39,1007,970,990
2000,09,277.20,269.50,273.68,107.81,1005,973,988
2000,08,277.60,272.00,274.50,109.21,1024,981,1003
2000,07,288.05,276.75,281.87,108.94,1033,1016,1026
2000,06,293.00,272.50,285.55,107.33,1048,991,1022
2000,05,280.75,270.45,275.24,109.20,1025,982,1003
2000,04,283.50,275.05,279.83,106.54,1015,989,1000
2000,03,293.75,275.75,286.55,107.75,1073,988,1030
2000,02,316.60,283.00,300.36,110.42,1140,1024,1093
2000,01,288.75,279.39,284.45,106.23,1027,982,1013
1999,12,291.39,276.10,283.41,103.77,1002,965,986
1999,11,298.50,288.25,293.42,105.95,1053,1006,1039
1999,10,326.25,290.39,311.14,106.97,1183,1009,1103
1999,09,317.25,254.05,264.61,108.59,1095,917,962
1999,08,261.50,252.85,256.82,114.50,1020,955,989
1999,07,263.10,252.80,256.14,120.94,1081,999,1040
1999,06,267.15,258.15,261.36,121.98,1105,1042,1068
1999,05,288.10,268.25,276.69,123.18,1167,1098,1132
1999,04,286.60,278.35,282.62,120.88,1145,1120,1135
1999,03,294.00,279.45,286.10,120.80,1190,1122,1151
1999,02,290.05,285.30,287.41,117.69,1174,1095,1128
1999,01,291.39,282.30,287.20,114.16,1113,1078,1097
1998,12,295.55,285.80,291.52,118.61,1206,1118,1158
1998,11,297.85,288.60,294.18,121.55,1223,1128,1190
1998,10,302.35,291.20,296.27,122.49,1356,1148,1211
1998,09,298.10,277.70,288.82,135.70,1348,1260,1299
1998,08,288.85,273.39,284.17,145.55,1395,1295,1368
1998,07,297.10,288.85,292.87,141.69,1379,1361,1370
1998,06,297.75,285.85,292.27,141.58,1389,1338,1365
1998,05,306.89,292.39,299.04,135.99,1367,1329,1346
1998,04,314.60,299.30,308.43,132.76,1378,1328,1351
1998,03,302.75,289.10,295.91,129.69,1322,1253,1274
1998,02,302.00,291.39,297.62,127.06,1286,1238,1257
1998,01,304.85,278.50,289.18,130.52,1285,1234,1254
1997,12,296.10,283.00,288.76,130.69,1296,1228,1255
1997,11,315.35,296.00,306.19,126.34,1301,1258,1283
1997,10,337.15,310.39,324.86,122.14,1357,1249,1314
1997,09,332.10,319.95,322.72,121.92,1323,1280,1301
1997,08,328.60,318.85,324.01,118.96,1290,1262,1277
1997,07,333.70,315.75,323.94,116.23,1288,1202,1248
1997,06,344.25,334.05,340.78,115.33,1339,1282,1304
1997,05,349.10,339.25,343.97,120.15,1444,1304,1366
1997,04,351.05,338.95,344.59,126.56,1467,1422,1440
1997,03,362.15,346.05,352.06,123.69,1460,1418,1439
1997,02,360.60,336.90,346.49,124.07,1449,1392,1420
1997,01,367.80,345.00,355.07,119.08,1426,1373,1394
1996,12,373.00,367.40,369.17,114.87,1413,1387,1398
1996,11,383.60,371.30,377.86,113.29,1435,1396,1413
1996,10,383.95,377.05,380.99,113.42,1463,1404,1425
1996,09,387.20,379.00,383.22,110.78,1407,1394,1402
1996,08,389.75,386.20,387.43,108.81,1401,1373,1391
1996,07,385.50,380.60,383.47,110.39,1412,1377,1397
1996,06,390.80,381.30,385.26,109.93,1410,1382,1398
1996,05,394.80,390.55,391.96,107.53,1419,1369,1390
1996,04,397.60,389.90,392.86,108.54,1430,1366,1408
1996,03,400.35,392.90,396.36,106.91,1419,1381,1399
1996,02,416.25,396.80,404.84,106.72,1471,1385,1425
1996,01,407.40,387.10,399.08,106.88,1453,1379,1410
1995,12,389.70,385.70,387.44,102.90,1329,1306,1316
1995,11,389.60,381.95,385.26,103.01,1327,1290,1311
1995,10,385.10,381.75,383.17,101.74,1300,1274,1288
1995,09,385.65,379.00,382.99,101.45,1343,1238,1284
1995,08,386.35,381.65,383.58,95.61,1264,1135,1214
1995,07,390.45,383.00,386.19,88.20,1159,1094,1130
1995,06,391.30,383.20,387.59,85.54,1113,1085,1101
1995,05,391.35,381.55,385.23,86.16,1125,1070,1101
1995,04,396.95,386.35,391.19,84.61,1143,1071,1101
1995,03,392.00,374.45,381.97,91.87,1216,1133,1164
1995,02,379.60,374.50,376.70,99.33,1252,1223,1239
1995,01,385.10,372.40,378.65,100.77,1280,1243,1263
1994,12,383.25,375.75,379.39,101.20,1282,1258,1270
1994,11,386.75,382.70,384.38,99.00,1275,1242,1259
1994,10,394.10,383.85,389.97,99.45,1310,1260,1283
1994,09,397.50,386.00,391.46,99.85,1300,1282,1291
1994,08,386.60,376.30,380.28,100.87,1291,1249,1270
1994,07,388.55,383.00,385.47,99.57,1284,1256,1271
1994,06,393.10,378.40,385.68,103.72,1351,1273,1323
1994,05,388.10,372.80,381.38,104.99,1355,1286,1329
1994,04,387.40,369.65,377.59,104.56,1360,1280,1313
1994,03,391.80,375.30,384.07,106.13,1375,1307,1346
1994,02,388.50,375.75,381.79,107.25,1405,1314,1354
1994,01,395.25,377.90,387.00,112.58,1472,1365,1432
1993,12,391.75,370.10,383.27,110.67,1440,1343,1393
1993,11,378.40,362.50,373.88,108.81,1364,1308,1342
1993,10,374.50,351.75,364.09,107.94,1337,1246,1297
1993,09,371.80,342.05,355.41,106.27,1303,1216,1252
1993,08,406.70,367.60,379.32,104.68,1416,1250,1310
1993,07,403.70,377.85,392.11,108.83,1429,1350,1402
1993,06,379.00,363.00,371.90,108.34,1358,1279,1329
1993,05,381.90,352.75,367.11,111.26,1397,1301,1354
1993,04,355.60,336.35,342.05,113.46,1316,1252,1278
1993,03,337.80,326.10,330.02,118.13,1307,1271,1288
1993,02,332.00,327.60,329.31,122.14,1375,1275,1329
1993,01,330.90,327.45,329.00,125.99,1381,1356,1369
1992,12,338.65,332.30,334.73,124.98,1395,1366,1382
1992,11,339.50,330.20,334.97,124.81,1394,1365,1380
1992,10,350.50,338.20,344.33,122.08,1415,1366,1389
1992,09,350.75,338.85,345.37,123.73,1459,1380,1409
1992,08,357.30,335.70,343.33,127.35,1507,1391,1441
1992,07,359.60,343.55,352.59,126.69,1515,1426,1468
1992,06,344.10,336.85,340.79,127.85,1450,1420,1435
1992,05,340.00,334.75,337.14,131.64,1484,1445,1462
1992,04,344.00,334.75,338.68,134.62,1521,1485,1499
1992,03,351.35,337.60,344.49,133.73,1548,1486,1518
1992,02,357.20,348.65,353.83,128.49,1517,1475,1497
1992,01,358.75,349.30,354.44,126.06,1513,1432,1472
1991,12,370.75,353.15,361.81,129.38,1577,1494,1540
1991,11,369.10,352.90,360.07,130.70,1577,1523,1546
1991,10,363.80,353.00,358.76,131.77,1579,1533,1553
1991,09,354.90,343.50,348.60,135.58,1574,1525,1552
1991,08,364.30,347.00,356.51,137.84,1659,1592,1613
1991,07,371.35,361.35,367.85,138.99,1695,1647,1667
1991,06,372.75,360.90,366.54,140.77,1725,1638,1679
1991,05,361.50,353.90,357.04,139.04,1642,1605,1623
1991,04,363.65,351.10,358.22,138.11,1648,1600,1621
1991,03,369.25,354.00,363.47,138.15,1672,1612,1641
1991,02,370.00,357.50,363.79,131.49,1592,1544,1574
1991,01,403.70,366.00,384.16,134.86,1826,1598,1697
1990,12,391.00,370.00,377.56,134.71,1748,1600,1663
1990,11,387.05,376.30,381.80,130.07,1704,1581,1632
1990,10,400.00,364.75,381.04,130.83,1815,1526,1638
1990,09,408.40,378.40,389.44,140.04,1838,1728,1786
1990,08,415.70,370.65,394.80,148.38,1998,1780,1909
1990,07,372.75,351.45,362.18,150.34,1835,1726,1781
1990,06,363.45,345.85,352.50,154.77,1826,1757,1788
1990,05,375.10,363.05,368.95,154.62,1932,1801,1866
1990,04,380.35,367.75,374.59,159.50,1959,1930,1946
1990,03,406.40,368.00,393.36,154.11,2008,1887,1966
1990,02,423.75,407.55,416.68,146.51,2006,1957,1987
1990,01,420.75,395.00,410.12,146.09,1996,1880,1955
1989,12,417.10,398.60,409.77,144.66,1979,1879,1933
1989,11,417.15,373.05,394.31,144.58,1978,1750,1858
1989,10,378.50,360.40,366.84,142.92,1759,1672,1709
1989,09,369.30,355.75,361.78,146.15,1739,1691,1720
1989,08,371.55,359.60,365.35,142.14,1722,1652,1692
1989,07,385.50,368.30,375.13,141.80,1765,1684,1732
1989,06,376.30,358.50,367.67,144.72,1780,1689,1735
1989,05,379.65,359.25,371.20,139.46,1705,1649,1681
1989,04,390.25,377.55,384.40,133.11,1689,1653,1666
1989,03,397.00,382.30,390.21,131.41,1705,1609,1665
1989,02,394.10,378.95,387.74,128.87,1673,1568,1625
1989,01,413.60,394.00,404.23,128.28,1712,1666,1687
1988,12,430.40,410.15,419.15,124.52,1713,1680,1697
1988,11,424.25,410.90,420.07,124.25,1735,1662,1695
1988,10,413.05,394.20,406.59,130.02,1766,1682,1717
1988,09,430.40,389.05,413.45,135.50,1918,1738,1824
1988,08,436.40,425.80,431.17,134.67,1897,1869,1885
1988,07,445.00,428.75,437.54,134.15,1955,1865,1912
1988,06,464.85,433.55,451.50,128.20,1935,1860,1896
1988,05,460.25,441.95,451.20,125.80,1890,1825,1862
1988,04,458.00,446.25,451.56,125.98,1885,1840,1865
1988,03,458.00,428.90,443.55,128.28,1890,1840,1867
1988,02,455.90,423.75,442.10,130.23,1945,1825,1902
1988,01,485.30,458.00,477.17,128.68,2070,1955,2021
1987,12,502.75,477.50,486.66,129.89,2160,1995,2078
1987,11,493.90,457.55,467.86,136.30,2145,2040,2097
1987,10,481.60,454.10,465.56,144.60,2250,2140,2205
1987,09,464.75,453.10,460.24,143.96,2220,2125,2174
1987,08,476.00,453.30,461.07,148.65,2390,2130,2251
1987,07,464.25,442.15,450.43,151.22,2290,2175,2236
1987,06,460.80,438.00,449.44,145.58,2180,2125,2150
1987,05,479.95,447.90,460.94,141.55,2225,2095,2148
1987,04,476.60,418.50,439.01,143.97,2135,2025,2073
1987,03,424.00,403.70,408.88,152.59,2080,2025,2049
1987,02,406.75,390.00,401.09,154.50,2065,1995,2038
1987,01,422.25,398.95,408.39,155.67,2125,2050,2091
1986,12,399.60,385.25,391.26,163.59,2130,2080,2106
1986,11,410.75,380.40,397.27,163.78,2210,2060,2140
1986,10,442.00,401.00,423.69,157.02,2235,2145,2186
1986,09,442.75,391.75,417.94,155.76,2215,1975,2127
1986,08,394.50,358.50,376.45,155.00,1995,1845,1920
1986,07,357.75,342.30,348.45,159.64,1870,1810,1837
1986,06,348.35,336.75,342.76,168.96,2000,1860,1911
1986,05,345.60,338.60,342.36,167.97,1955,1840,1897
1986,04,347.25,333.10,340.58,176.60,2050,1920,1986
1986,03,352.90,335.60,345.90,180.03,2110,2010,2050
1986,02,352.40,329.50,338.97,185.66,2195,1995,2077
1986,01,363.00,326.00,345.47,201.19,2410,2190,2291
1985,12,327.60,315.50,321.85,204.05,2185,2125,2163
1985,11,331.50,321.95,325.43,204.69,2250,2170,2192
1985,10,330.55,322.25,325.97,215.85,2340,2280,2314
1985,09,335.45,315.50,323.56,238.07,2625,2340,2529
1985,08,340.90,319.64,329.96,238.26,2650,2515,2577
1985,07,328.10,308.25,317.20,242.84,2585,2475,2521
1985,06,325.39,310.75,316.39,250.05,2640,2570,2593
1985,05,326.50,311.20,316.39,252.59,2670,2580,2619
1985,04,334.25,316.75,325.08,252.76,2740,2650,2688
1985,03,333.25,286.70,303.57,259.65,2800,2475,2572
1985,02,304.95,284.25,299.52,261.38,2620,2465,2574
1985,01,309.00,296.75,302.89,255.27,2580,2485,2538
1984,12,332.00,303.25,319.87,248.70,2695,2480,2613
1984,11,350.45,328.60,341.24,244.41,2760,2655,2728
1984,10,348.50,333.50,340.20,247.89,2815,2695,2763
1984,09,347.75,336.50,341.02,246.35,2785,2715,2749
1984,08,354.00,337.35,347.68,243.40,2795,2730,2770
1984,07,370.45,332.50,347.54,243.92,2900,2690,2775
1984,06,394.50,367.90,377.99,234.33,2975,2840,2895
1984,05,386.40,370.10,377.18,231.77,2955,2790,2858
1984,04,387.25,375.80,381.37,226.06,2860,2795,2823
1984,03,406.85,385.75,394.50,226.41,3045,2855,2942
1984,02,400.00,374.95,385.98,234.70,3080,2885,2960
1984,01,384.00,364.25,370.81,234.97,2885,2805,2842
1983,12,403.50,375.00,388.19,235.52,3100,2900,2990
1983,11,405.75,374.25,381.34,236.28,3040,2895,2936
1983,10,401.00,382.00,393.91,233.98,3095,2940,3014
1983,09,420.00,401.75,412.03,243.84,3380,3140,3282
1983,08,426.40,408.00,416.22,245.32,3370,3275,3327
1983,07,430.50,410.75,422.69,241.47,3385,3250,3324
1983,06,423.50,400.25,412.99,241.20,3300,3170,3246
1983,05,443.75,431.00,437.70,235.78,3410,3325,3355
1983,04,443.00,421.25,433.03,238.78,3455,3250,3357
1983,03,436.50,408.75,420.20,239.05,3365,3155,3279
1983,02,511.50,408.50,492.30,237.25,3975,3275,3786
1983,01,503.00,449.50,481.56,233.99,3830,3380,3657
1982,12,460.50,435.25,444.54,243.65,3605,3480,3531
1982,11,436.00,398.00,415.01,266.10,3860,3335,3574
1982,10,448.00,387.25,422.47,272.44,3920,3465,3719
1982,09,488.50,394.75,437.73,263.75,4220,3430,3741
1982,08,425.25,332.88,363.82,259.84,3505,2865,3066
1982,07,366.50,306.75,338.43,256.16,2960,2625,2816
1982,06,330.90,295.75,314.97,252.09,2700,2490,2597
1982,05,343.50,324.25,334.16,238.09,2690,2530,2598
1982,04,366.75,325.50,350.34,245.97,2980,2620,2815
1982,03,363.00,312.00,330.33,241.82,2835,2475,2625
1982,02,384.50,360.50,374.29,236.21,2965,2785,2894
1982,01,403.50,369.75,384.14,225.66,2915,2755,2845
1981,12,426.00,395.00,410.11,219.58,3100,2890,2965
1981,11,431.25,395.75,413.39,225.06,3240,2830,3043
1981,10,453.50,422.25,437.72,232.40,3400,3260,3319
1981,09,463.50,421.50,443.76,231.09,3460,3230,3335
1981,08,433.50,391.25,410.20,235.07,3255,3060,3148
1981,07,422.00,400.00,409.28,233.17,3165,3015,3111
1981,06,483.25,421.50,460.63,225.47,3505,3165,3385
1981,05,501.00,466.50,480.01,221.87,3590,3385,3469
1981,04,534.25,473.75,496.21,216.32,3700,3375,3493
1981,03,547.25,457.00,499.23,209.98,3795,3150,3410
1981,02,519.50,482.00,500.28,206.92,3485,3265,3368
1981,01,599.25,493.75,557.60,203.21,3895,3380,3688
1980,12,635.50,553.50,592.36,211.08,4445,3810,4107
1980,11,655.00,596.00,622.39,213.99,4550,4165,4320
1980,10,690.00,628.00,660.68,210.33,4620,4300,4484
1980,09,711.00,626.25,671.90,216.07,4980,4420,4675
1980,08,645.25,605.00,626.76,225.46,4680,4405,4556
1980,07,688.75,606.00,645.14,221.87,4810,4370,4617
1980,06,662.50,552.50,600.74,219.15,4590,3960,4219
1980,05,535.00,490.00,514.04,229.34,3995,3645,3803
1980,04,554.00,485.75,517.05,252.94,4470,3980,4193
1980,03,643.50,474.00,553.92,249.59,5115,3725,4502
1980,02,714.50,606.00,665.56,245.07,5535,5035,5239
1980,01,850.00,559.00,675.04,239.04,6495,4605,5285
1979,12,524.00,426.40,459.38,242.20,3985,3273,3598
1979,11,417.20,372.80,391.76,246.02,3285,2845,3094
1979,10,437.00,367.50,391.31,231.46,3035,2720,2912
1979,09,397.25,319.30,359.81,223.26,2890,2275,2565
1979,08,319.14,282.50,300.81,218.97,2290,1995,2135
1979,07,307.00,281.35,294.87,217.48,2151,2005,2080
1979,06,284.50,272.89,279.20,219.89,2010,1965,1992
1979,05,277.14,245.90,257.68,219.29,1970,1735,1837
1979,04,245.30,231.75,239.17,216.84,1760,1645,1692
1979,03,249.30,238.15,242.20,207.16,1670,1600,1640
1979,02,252.35,229.35,245.63,201.66,1668,1528,1611
1979,01,236.10,216.55,227.13,198.80,1550,1418,1482
1978,12,226.00,194.05,207.59,197.28,1470,1280,1353
1978,11,238.65,193.40,206.58,192.28,1410,1260,1309
1978,10,243.65,217.00,227.41,185.08,1420,1360,1379
1978,09,219.10,205.65,212.15,191.16,1360,1310,1339
1978,08,215.90,198.00,206.37,189.31,1320,1245,1288
1978,07,201.30,182.75,188.65,201.17,1300,1235,1258
1978,06,186.50,181.00,183.79,215.47,1360,1250,1313
1978,05,184.90,168.90,176.25,227.41,1380,1280,1331
1978,04,183.40,167.65,175.80,222.55,1340,1260,1305
1978,03,190.00,177.25,183.72,232.55,1480,1340,1420
1978,02,183.75,172.85,178.26,241.39,1450,1405,1427
1978,01,177.50,165.70,173.20,242.19,1420,1350,1398
1977,12,166.00,157.35,160.46,242.21,1395,1280,1316
1977,11,168.15,156.15,162.12,245.86,1400,1285,1350
1977,10,163.65,153.60,158.86,256.24,1405,1350,1375
1977,09,154.05,145.43,149.41,268.05,1390,1320,1349
1977,08,146.75,143.30,144.99,267.66,1325,1295,1309
1977,07,146.40,140.50,143.38,265.96,1310,1260,1289
1977,06,143.85,137.10,140.81,274.05,1345,1260,1304
1977,05,148.35,142.94,146.58,278.58,1395,1350,1380
1977,04,152.30,145.60,149.20,276.18,1410,1370,1391
1977,03,153.60,141.40,148.28,281.53,1450,1355,1407
1977,02,142.75,131.80,136.22,286.11,1355,1290,1315
1977,01,136.10,129.40,132.29,292.12,1345,1285,1305
1976,12,137.65,130.50,133.78,295.76,1380,1305,1337
1976,11,138.85,122.00,130.40,296.10,1385,1225,1304
1976,10,123.50,113.65,116.12,291.97,1225,1115,1145
1976,09,120.75,104.00,114.12,288.70,1170,1020,1112
1976,08,113.65,103.05,109.99,291.83,1130,1015,1086
1976,07,123.30,107.75,117.81,295.91,1250,1075,1183
1976,06,127.40,123.70,125.70,300.40,1295,1240,1278
1976,05,128.45,124.40,126.95,300.09,1305,1265,1288
1976,04,129.25,127.10,127.93,300.18,1315,1285,1299
1976,03,134.30,128.60,132.63,301.61,1370,1310,1354
1976,02,133.65,128.40,131.03,302.87,1365,1315,1341
1976,01,140.35,124.00,131.59,305.72,1435,1285,1356
1975,12,142.40,137.00,139.29,306.73,1525,1420,1445
1975,11,146.50,138.15,142.49,303.54,1490,1420,1460
1975,10,146.25,137.50,142.72,303.42,1500,1425,1463
1975,09,155.00,128.75,144.19,300.64,1610,1365,1473
1975,08,166.75,159.80,163.09,298.95,1680,1610,1644
1975,07,168.40,162.50,165.03,297.27,1695,1625,1653
1975,06,166.25,161.75,164.25,294.55,1650,1595,1629
1975,05,174.75,163.50,167.34,292.58,1725,1615,1654
1975,04,177.65,164.00,169.96,293.30,1790,1615,1686
1975,03,181.85,176.25,178.18,289.05,1765,1705,1734
1975,02,186.25,173.40,179.57,293.43,1825,1725,1779
1975,01,185.00,169.50,176.57,300.80,1835,1725,1787
1974,12,197.50,170.50,183.77,301.36,1980,1765,1868
1974,11,190.50,167.75,181.57,301.14,1960,1730,1878
1974,10,169.50,153.50,158.63,300.54,1730,1560,1632
1974,09,158.50,144.00,151.72,300.44,1650,1485,1564
1974,08,159.40,151.50,154.50,303.28,1645,1580,1609
1974,07,160.50,129.00,142.63,291.93,1615,1275,1427
1974,06,161.75,143.65,154.06,284.11,1570,1415,1505
1974,05,170.50,154.00,163.41,279.82,1635,1480,1570
1974,04,179.50,166.75,172.23,278.72,1710,1595,1649
1974,03,177.50,158.25,168.36,283.18,1710,1580,1634
1974,02,178.00,130.50,150.12,291.88,1715,1345,1498
1974,01,141.75,114.75,129.12,299.67,1470,1145,1331
1973,12,112.75,100.00,106.48,281.00,1080,970,1024
1973,11,101.75,89.75,94.79,278.79,980,870,905
1973,10,103.75,96.75,100.00,267.30,950,885,920
1973,09,106.98,100.00,103.00,266.47,970,920,945
1973,08,117.50,92.50,106.50,266.11,1070,860,976
1973,07,127.00,114.00,120.27,265.72,1160,1045,1101
1973,06,127.00,115.50,119.96,265.74,1145,1050,1092
1973,05,114.75,90.30,101.79,265.74,1035,825,932
1973,04,91.25,89.25,90.48,266.45,835,825,829
1973,03,91.50,80.00,84.24,0,775,750,761
1973,02,89.00,66.40,74.08,0,690,690,690
1973,01,66.20,63.90,65.13,0,690,690,690
